firstName,lastName
Samuel,King
Ethan,Adams
Tyler,Allen
Robert,Thomas
Ashley,Jones
Elizabeth,Lee
Emily,Perez
Orange,Octagon
Steven,Gonzalez
Lauren,Green
Matthew,Brown
Green,Triangle
Olivia,Hall
Nicholas,Rodriguez
Jessica,Johnson
Megan,Morris
Jennifer,Davis
Zachary,Hernandez
Red,Circle
Alexander,Walker
Austin,Scott
Christopher,Williams
Dylan,Lopez
Daniel,Moore
David,Taylor
Joseph,White
Andrew,Harris
Amanda,Wilson
Grace,Wright
Jacob,Myers
Brianna,Nelson
Yellow,Hexagon
Kayla,Baker
Madison,Hill
Michael,Smith
Hannah,Young
James,Anderson
Joshua,Miller
Blue,Square
John,Jackson
